Michael,example0@gmail.com
Christopher,example1@gmail.com
Jessica,example2@gmail.com
Matthew,example3@gmail.com
Ashley,example4@gmail.com
Jennifer,example5@gmail.com
Joshua,example6@gmail.com
Amanda,example7@gmail.com
Daniel,example8@gmail.com
David,example9@gmail.com
James,example10@gmail.com
Robert,example11@gmail.com
John,example12@gmail.com
Joseph,example13@gmail.com
Andrew,example14@gmail.com
Ryan,example15@gmail.com
Brandon,example16@gmail.com
Jason,example17@gmail.com
Justin,example18@gmail.com
Sarah,example19@gmail.com
William,example20@gmail.com
Jonathan,example21@gmail.com
Stephanie,example22@gmail.com
Brian,example23@gmail.com
Nicole,example24@gmail.com
Nicholas,example25@gmail.com
Anthony,example26@gmail.com
Heather,example27@gmail.com
Eric,example28@gmail.com
Elizabeth,example29@gmail.com
Adam,example30@gmail.com
Megan,example31@gmail.com
Melissa,example32@gmail.com
Kevin,example33@gmail.com
Steven,example34@gmail.com
Thomas,example35@gmail.com
Timothy,example36@gmail.com
Christina,example37@gmail.com
Kyle,example38@gmail.com
Rachel,example39@gmail.com
Laura,example40@gmail.com
Lauren,example41@gmail.com
Amber,example42@gmail.com
Brittany,example43@gmail.com
Danielle,example44@gmail.com
Richard,example45@gmail.com
Kimberly,example46@gmail.com
Jeffrey,example47@gmail.com
Amy,example48@gmail.com
Crystal,example49@gmail.com
Michelle,example50@gmail.com
Tiffany,example51@gmail.com
Jeremy,example52@gmail.com
Benjamin,example53@gmail.com
Mark,example54@gmail.com
Emily,example55@gmail.com
Aaron,example56@gmail.com
Charles,example57@gmail.com
Rebecca,example58@gmail.com
Jacob,example59@gmail.com